<?xml version="1.0" encoding="UTF-8"?>
<con:soapui-project id="9820436f-dd64-4c60-8581-eb8020614111" activeEnvironment="Default" name="Project 1" soapui-version="5.7.0" abortOnError="false" runType="SEQUENTIAL" resourceRoot="${projectDir}" xmlns:con="http://eviware.com/soapui/config"><con:settings><con:setting id="com.eviware.soapui.impl.wsdl.actions.iface.tools.soapui.TestRunnerAction@values-local"><![CDATA[<xml-fragment xmlns:con="http://eviware.com/soapui/config">
  <con:entry key="Report Format(s)" value=""/>
  <con:entry key="Host:Port" value=""/>
  <con:entry key="Export JUnit Results" value="false"/>
  <con:entry key="Export All" value="false"/>
  <con:entry key="Save After" value="false"/>
  <con:entry key="Add Settings" value="false"/>
  <con:entry key="WSS Password Type" value=""/>
  <con:entry key="TestSuite" value="TestSuite 1"/>
  <con:entry key="Endpoint" value=""/>
  <con:entry key="Select Report Type" value=""/>
  <con:entry key="System Properties" value=""/>
  <con:entry key="Password" value=""/>
  <con:entry key="Print Report" value="false"/>
  <con:entry key="Open Report" value="false"/>
  <con:entry key="Export JUnit Results with test properties" value="false"/>
  <con:entry key="Global Properties" value=""/>
  <con:entry key="Project Properties" value=""/>
  <con:entry key="Project Password" value=""/>
  <con:entry key="TestCase" value="&lt;all>"/>
  <con:entry key="Username" value=""/>
  <con:entry key="user-settings.xml Password" value=""/>
  <con:entry key="TestRunner Path" value=""/>
  <con:entry key="Environment" value="Default"/>
  <con:entry key="Coverage Report" value="false"/>
  <con:entry key="Enable UI" value="false"/>
  <con:entry key="Root Folder" value="E:\Automation\Soap Project"/>
  <con:entry key="Ignore Errors" value="false"/>
  <con:entry key="Domain" value=""/>
  <con:entry key="Tool Args" value=""/>
  <con:entry key="Save Project" value="false"/>
</xml-fragment>]]></con:setting></con:settings><con:interface xsi:type="con:RestService" id="fd613d9d-46ff-4604-b3fd-8556986daa9a" wadlVersion="http://wadl.dev.java.net/2009/02" name="https://en.wikipedia.org" type="rest" xmlns:xsi="http://www.w3.org/2001/XMLSchema-instance"><con:settings/><con:definitionCache type="TEXT" rootPart=""/><con:endpoints><con:endpoint>https://en.wikipedia.org</con:endpoint></con:endpoints><con:resource name="Api.php" path="/w/api.php" id="0f325102-1ae7-4fbe-a6f7-5ed163423d15"><con:settings/><con:parameters/><con:method name="El código de estado HTTPS es 200" id="1e7ad60c-740f-49a2-a79f-42e6edf482a6" method="POST"><con:settings/><con:parameters/><con:representation type="RESPONSE"><con:mediaType>text/html; charset=utf-8</con:mediaType><con:status>200</con:status><con:params/><con:element>html</con:element></con:representation><con:representation type="REQUEST"><con:mediaType>application/json</con:mediaType><con:params/></con:representation><con:request name="Cod200" id="87d6aff3-0353-4a99-8cec-611cc1a9e93d" mediaType="application/json" postQueryString="false"><con:settings><con:setting id="com.eviware.soapui.impl.wsdl.WsdlRequest@request-headers">&lt;xml-fragment/></con:setting></con:settings><con:endpoint>https://en.wikipedia.org</con:endpoint><con:request/><con:originalUri>https://en.wikipedia.org/w/api.php</con:originalUri><con:credentials><con:authType>No Authorization</con:authType></con:credentials><con:jmsConfig JMSDeliveryMode="PERSISTENT"/><con:jmsPropertyConfig/><con:parameters/></con:request></con:method></con:resource></con:interface><con:testSuite id="cb340e99-d98a-451d-a19b-ebdd2d1e987a" name="TestSuite 1"><con:settings/><con:runType>SEQUENTIAL</con:runType><con:testCase id="bd01b8b1-8e93-462b-8f0d-8c00768a47a2" failOnError="true" failTestCaseOnErrors="true" keepSession="false" maxResults="0" name="TestCase 1" searchProperties="true"><con:settings/><con:testStep type="httprequest" name="HTTP Request" id="15b8cf6b-0b82-4ba7-bf68-a0dff56f797a"><con:settings/><con:config method="GET" xsi:type="con:HttpRequest" id="8fb1e4c6-30d6-4290-9cf7-beecbde80278" name="HTTP Request" xmlns:xsi="http://www.w3.org/2001/XMLSchema-instance"><con:settings><con:setting id="com.eviware.soapui.impl.wsdl.WsdlRequest@request-headers">&lt;xml-fragment/></con:setting></con:settings><con:endpoint>https://en.wikipedia.org/w/api.php</con:endpoint><con:request/><con:credentials><con:authType>No Authorization</con:authType></con:credentials><con:jmsConfig JMSDeliveryMode="PERSISTENT"/><con:jmsPropertyConfig/><con:parameters><con:parameter><con:name>abusefiltercheckmatch</con:name><con:value>15</con:value><con:style>QUERY</con:style><con:default>abusefiltercheckmatch</con:default><con:path xsi:nil="true"/><con:description xsi:nil="true"/></con:parameter></con:parameters></con:config></con:testStep><con:testStep type="restrequest" name="REST Request" id="e3fbe692-29a6-41a7-aff0-0c185ee0d0ef"><con:settings/><con:config service="https://en.wikipedia.org" methodName="El código de estado HTTPS es 200" resourcePath="/w/api.php" xsi:type="con:RestRequestStep" xmlns:xsi="http://www.w3.org/2001/XMLSchema-instance"><con:restRequest name="REST Request" id="e67301e5-a547-4ad2-92f7-61b3cc30b6fe" mediaType="application/json" postQueryString="false"><con:settings><con:setting id="com.eviware.soapui.impl.wsdl.WsdlRequest@request-headers">&lt;xml-fragment/></con:setting></con:settings><con:encoding>UTF-8</con:encoding><con:endpoint>https://en.wikipedia.org</con:endpoint><con:request/><con:originalUri>https://en.wikipedia.org/w/api.php</con:originalUri><con:credentials><con:authType>No Authorization</con:authType></con:credentials><con:jmsConfig JMSDeliveryMode="PERSISTENT"/><con:jmsPropertyConfig/><con:parameters/></con:restRequest></con:config></con:testStep><con:properties/></con:testCase><con:properties/></con:testSuite><con:properties/><con:wssContainer/><con:oAuth2ProfileContainer/><con:oAuth1ProfileContainer/><con:sensitiveInformation/></con:soapui-project>